{
  "mongodb": {
    "host": "127.0.0.1",
    "port": 27017,
    "database": "keepers",
    "name": "mongodb",
    "connector": "mongodb"
  },
  "storage": {
    "name": "storage",
    "connector": "loopback-component-storage",
    "provider": "filesystem",
    "root": "./server/storage"
  },
  "myEmailDataSource": {
    "name": "myEmailDataSource",
    "connector": "mail",
    "transports": [
      {
        "type": "smtp",
        "host": "smtp.gmail.com",
        "secure": false,
        "port": 587,
        "tls": {
          "rejectUnauthorized": false
        },
        "auth": {
          "user": "sdesk27@gmail.com",
          "pass": "jlo8864xy"
        }
      }
    ]
  }
}
