{
  "_meta": {
    "sources": [
      "loopback/common/models",
      "loopback/server/models",
      "../common/models",
      "./models"
    ],
    "mixins": [
      "loopback/common/mixins",
      "loopback/server/mixins",
      "../common/mixins",
      "./mixins",
      "../node_modules/@mean-expert/loopback-stats-mixin/dist",
      "../node_modules/@mean-expert/loopback-component-realtime/dist/mixins",
      "../node_modules/loopback-ds-timestamp-mixin"
    ]
  },
  "User": {
    "dataSource": "mongodb",
    "public": false
  },
  "AccessToken": {
    "dataSource": "mongodb",
    "public": false
  },
  "ACL": {
    "dataSource": "mongodb",
    "public": false
  },
  "RoleMapping": {
    "dataSource": "mongodb",
    "public": false,
    "options": {
      "strictObjectIDCoercion": true
    }
  },
  "Role": {
    "dataSource": "mongodb",
    "public": true
  },
  "user": {
    "dataSource": "mongodb",
    "public": true
  },
  "settings": {
    "dataSource": "mongodb",
    "public": true
  },
  "Email": {
    "dataSource": "myEmailDataSource"
  },
  "feelingState": {
    "dataSource": "mongodb",
    "public": true
  },
  "energyState": {
    "dataSource": "mongodb",
    "public": true
  },
  "StressState": {
    "dataSource": "mongodb",
    "public": true
  },
  "feeling": {
    "dataSource": "mongodb",
    "public": true
  },
  "image": {
    "dataSource": "mongodb",
    "public": true
  },
  "tablet": {
    "dataSource": "mongodb",
    "public": true
  },
  "attachment": {
    "dataSource": "mongodb",
    "public": true
  },
  "container": {
    "dataSource": "storage",
    "public": true
  },
  "audio": {
    "dataSource": "mongodb",
    "public": true
  },
  "MyCommunication": {
    "dataSource": "mongodb",
    "public": true
  },
  "MySelfState": {
    "dataSource": "mongodb",
    "public": true
  },
  "Task": {
    "dataSource": "mongodb",
    "public": true
  },
  "Feedback": {
    "dataSource": "mongodb",
    "public": true
  },
  "TabletType": {
    "dataSource": "mongodb",
    "public": true
  },
  "TodayResource": {
    "dataSource": "mongodb",
    "public": true
  },
  "Psychosomatics": {
    "dataSource": "mongodb",
    "public": true
  },
  "UserTask": {
    "dataSource": "mongodb",
    "public": true
  },
  "Event": {
    "dataSource": "mongodb",
    "public": true
  },
  "EventType": {
    "dataSource": "mongodb",
    "public": true
  },
  "Aim": {
    "dataSource": "mongodb",
    "public": true
  },
  "AimObligation": {
    "dataSource": "mongodb",
    "public": true
  },
  "Joy": {
    "dataSource": "mongodb",
    "public": true
  },
  "TotalTablet": {
    "dataSource": "mongodb",
    "public": true
  },
  "TabletNotification": {
    "dataSource": "mongodb",
    "public": true
  },
  "TotalTabletCommunications": {
    "dataSource": "mongodb",
    "public": true
  },
  "MyRoleTablet": {
    "dataSource": "mongodb",
    "public": true
  },
  "TotalTabletRole": {
    "dataSource": "mongodb",
    "public": true
  },
  "Rubric": {
    "dataSource": "mongodb",
    "public": true
  },
  "TabletReview": {
    "dataSource": "mongodb",
    "public": true
  },
  "Material": {
    "dataSource": "mongodb",
    "public": true
  },
  "Video": {
    "dataSource": "mongodb",
    "public": true
  },
  "CommonFile": {
    "dataSource": "mongodb",
    "public": true
  },
  "MaterialSection": {
    "dataSource": "mongodb",
    "public": true
  },
  "LibrarySection": {
    "dataSource": "mongodb",
    "public": true
  },
  "Consultation": {
    "dataSource": "mongodb",
    "public": true
  },
  "ConsultationsSection": {
    "dataSource": "mongodb",
    "public": true
  },
  "UserConsultation": {
    "dataSource": "mongodb",
    "public": true
  },
  "Psychosomaticstablet": {
    "dataSource": "mongodb",
    "public": true
  },
  "UserMaster": {
    "dataSource": "mongodb",
    "public": false
  },
  "UserTaskReview": {
    "dataSource": "mongodb",
    "public": true
  },
  "MasterUsers": {
    "dataSource": "mongodb",
    "public": true
  },
  "MaterialRecommendation": {
    "dataSource": "mongodb",
    "public": true
  },
  "WorkSlot": {
    "dataSource": "mongodb",
    "public": true
  },
  "ScheduleTemplate": {
    "dataSource": "mongodb",
    "public": true
  },
  "ScheduleDay": {
    "dataSource": "mongodb",
    "public": true
  },
  "Wallet": {
    "dataSource": "mongodb",
    "public": true
  },
  "Transaction": {
    "dataSource": "mongodb",
    "public": true
  },
  "Review": {
    "dataSource": "mongodb",
    "public": true
  },
  "MentalCard": {
    "dataSource": "mongodb",
    "public": true
  },
  "Quality": {
    "dataSource": "mongodb",
    "public": true
  },
  "MentalCardQuality": {
    "dataSource": "mongodb",
    "public": true
  },
  "TaskSection": {
    "dataSource": "mongodb",
    "public": true
  },
  "TaskLibrary": {
    "dataSource": "mongodb",
    "public": true
  },
  "Case": {
    "dataSource": "mongodb",
    "public": true
  },
  "CaseStatus": {
    "dataSource": "mongodb",
    "public": true
  },
  "CaseType": {
    "dataSource": "mongodb",
    "public": true
  },
  "PaidAccount": {
    "dataSource": "mongodb",
    "public": true
  },
  "Water": {
    "dataSource": "mongodb",
    "public": true
  },
  "SphereOfLife": {
    "dataSource": "mongodb",
    "public": true
  },
  "StrategyType": {
    "dataSource": "mongodb",
    "public": true
  },
  "SystemAim": {
    "dataSource": "mongodb",
    "public": true
  }
}
