{
  "name": "AimObligation",
  "description": "Обязательство (цели)",
  "plural": "AimObligations",
  "base": "PersistedModel",
  "options": {
    "validateUpsert": true
  },
  "persistedUndefinedAsNull": true,
  "properties": {
    "id": {
      "type": "string",
      "id": true,
      "defaultFn": "guid"
    },
    "name": {
      "type": "string",
      "required": true
    },
    "description": {
      "type": "string"
    },
    "done": {
      "type": "boolean",
      "required": true,
      "description": "Статус Выполняется - false /Выполнено - true",
      "default": false
    },
    "periodicity": {
      "type": "number",
      "description": "периодичность, в днях"
    },
    "duration": {
      "type": "number",
      "description": "длительность, в днях"
    }
  },
  "validations": [],
  "relations": {
    "aim": {
      "type": "belongsTo",
      "model": "Aim",
      "foreignKey": "aimId"
    }
  },
  "acls": [
    {
      "accessType": "*",
      "principalType": "ROLE",
      "principalId": "$unauthenticated",
      "permission": "DENY"
    },
    {
      "accessType": "*",
      "principalType": "ROLE",
      "principalId": "admin",
      "permission": "ALLOW"
    },
    {
      "accessType": "*",
      "principalType": "ROLE",
      "principalId": "$authenticated",
      "permission": "ALLOW"
    }
  ],
  "methods": {}
}
