{
  "name": "Aim",
  "description": "Цель",
  "plural": "Aims",
  "base": "PersistedModel",
  "options": {
    "validateUpsert": true
  },
  "persistedUndefinedAsNull": true,
  "properties": {
    "id": {
      "type": "string",
      "id": true,
      "defaultFn": "guid"
    },
    "date": {
      "type": "date",
      "required": true,
      "description": "дата создания",
      "defaultFn": "now"
    },
    "name": {
      "type": "string",
      "required": true
    },
    "done": {
      "type": "boolean",
      "required": true,
      "description": "Статус Выполняется - false /Выполнено - true",
      "default": false
    },
    "description": {
      "type": "string"
    },
    "status": {
      "type": "string",
      "required": true,
      "description": "выполняется(inProgress)/достигнуто(done)/отменено(declined)",
      "default": "inProgress"
    }
  },
  "validations": [],
  "relations": {
    "aimObligations": {
      "type": "hasMany",
      "model": "AimObligation",
      "foreignKey": "aimId"
    },
    "cases": {
      "type": "hasMany",
      "model": "Case",
      "foreignKey": "aimId"
    },
    "user": {
      "type": "belongsTo",
      "model": "user",
      "foreignKey": "userId"
    },
    "images": {
      "type": "hasOne",
      "model": "image",
      "foreignKey": "aimId"
    },
    "sphereOfLife": {
      "type": "hasAndBelongsToMany",
      "model": "SphereOfLife",
      "description": "сферы жизни"
    }
  },
  "acls": [
    {
      "accessType": "*",
      "principalType": "ROLE",
      "principalId": "$unauthenticated",
      "permission": "DENY"
    },
    {
      "accessType": "*",
      "principalType": "ROLE",
      "principalId": "admin",
      "permission": "ALLOW"
    },
    {
      "accessType": "*",
      "principalType": "ROLE",
      "principalId": "$authenticated",
      "permission": "ALLOW"
    }
  ],
  "methods": {}
}
