{
  "name": "attachment",
  "base": "PersistedModel",
  "options": {
    "validateUpsert": true
  },
  "persistedUndefinedAsNull": true,
  "properties": {
    "id": {
      "type": "string",
      "id": true,
      "defaultFn": "guid"
    },
    "containerType": {
      "type": "string",
      "id": false,
      "required": true
    },
    "containerId": {
      "type": "string",
      "required": true
    },
    "name": {
      "type": "string",
      "id": false,
      "required": true
    },
    "type": {
      "type": "string"
    },
    "target": {
      "type": "string"
    },
    "local": {
      "type": "boolean",
      "required": true,
      "default": true
    },
    "date": {
      "type": "date",
      "defaultFn": "now"
    },
    "size": {
      "type": "number"
    }
  },
  "validations": [],
  "relations": {
    "container": {
      "type": "belongsTo",
      "polymorphic": {
        "foreignKey": "containerId",
        "discriminator": "containerType"
      }
    }
  },
  "acls": [
    {
      "accessType": "*",
      "principalType": "ROLE",
      "principalId": "$unauthenticated",
      "permission": "DENY"
    },
    {
      "accessType": "*",
      "principalType": "ROLE",
      "principalId": "admin",
      "permission": "ALLOW"
    },
    {
      "accessType": "*",
      "principalType": "ROLE",
      "principalId": "$authenticated",
      "permission": "ALLOW"
    }
  ],
  "methods": {}
}
