{
  "name": "audio",
  "plural": "audio",
  "base": "PersistedModel",
  "options": {
    "validateUpsert": true
  },
  "persistedUndefinedAsNull": true,
  "properties": {
    "id": {
      "type": "string",
      "id": true,
      "defaultFn": "guid"
    },
    "path": {
      "type": "string",
      "required": true
    },
    "description": {
      "type": "string"
    },
    "created": {
      "type": "date",
      "defaultFn": "now"
    },
    "duration": {
      "type": "number",
      "description": "длительность, в секундах"
    }
  },
  "validations": [],
  "relations": {
    "tablet": {
      "type": "belongsTo",
      "model": "tablet",
      "foreignKey": "tabletId"
    },
    "feedback": {
      "type": "belongsTo",
      "model": "Feedback",
      "foreignKey": "feedbackId"
    },
    "userTask": {
      "type": "belongsTo",
      "model": "UserTask",
      "foreignKey": "userTaskId"
    },
    "tabletReview": {
      "type": "belongsTo",
      "model": "TabletReview",
      "foreignKey": "tabletReviewId"
    },
    "material": {
      "type": "hasMany",
      "model": "Material",
      "foreignKey": "audioId",
      "description": "материал библиотеки"
    },
    "userTaskReview": {
      "type": "belongsTo",
      "model": "UserTaskReview",
      "foreignKey": "userTaskReviewId"
    }
  },
  "acls": [
    {
      "accessType": "*",
      "principalType": "ROLE",
      "principalId": "$unauthenticated",
      "permission": "DENY"
    },
    {
      "accessType": "*",
      "principalType": "ROLE",
      "principalId": "admin",
      "permission": "ALLOW"
    },
    {
      "accessType": "*",
      "principalType": "ROLE",
      "principalId": "$authenticated",
      "permission": "ALLOW"
    }
  ],
  "methods": {}
}
