{
  "name": "Case",
  "description": "Дела пользователя",
  "plural": "Cases",
  "base": "PersistedModel",
  "options": {
    "validateUpsert": true
  },
  "persistedUndefinedAsNull": true,
  "properties": {
    "id": {
      "type": "string",
      "id": true,
      "defaultFn": "guid"
    },
    "name": {
      "type": "string",
      "required": true
    },
    "priority": {
      "type": "string",
      "required": true
    },
    "gameDayDate": {
      "type": "date"
    },
    "created": {
      "type": "date",
      "defaultFn": "now"
    },
    "postponed": {
      "type": "boolean",
      "description": "перенесено/не перенесено",
      "default": false
    }
  },
  "validations": [],
  "relations": {
    "user": {
      "type": "belongsTo",
      "model": "user",
      "foreignKey": "userId"
    },
    "aim": {
      "type": "belongsTo",
      "model": "Aim",
      "foreignKey": "aimId",
      "description": "Цель (как Цель дела)"
    },
    "caseStatus": {
      "type": "belongsTo",
      "model": "CaseStatus",
      "foreignKey": "caseStatusId",
      "description": "Статус дела - cancelled/completed/..."
    },
    "caseType": {
      "type": "belongsTo",
      "model": "CaseType",
      "foreignKey": "caseTypeId",
      "description": "Тип дела"
    },
    "joy": {
      "type": "belongsTo",
      "model": "Joy",
      "foreignKey": "joyId",
      "description": "Радость"
    }
  },
  "acls": [
    {
      "accessType": "*",
      "principalType": "ROLE",
      "principalId": "$unauthenticated",
      "permission": "DENY"
    },
    {
      "accessType": "*",
      "principalType": "ROLE",
      "principalId": "admin",
      "permission": "ALLOW"
    },
    {
      "accessType": "*",
      "principalType": "ROLE",
      "principalId": "$authenticated",
      "permission": "ALLOW"
    }
  ],
  "methods": {}
}
