{
  "name": "CommonFile",
  "plural": "CommonFiles",
  "base": "PersistedModel",
  "options": {
    "validateUpsert": true
  },
  "persistedUndefinedAsNull": true,
  "properties": {
    "id": {
      "type": "string",
      "id": true,
      "defaultFn": "guid"
    },
    "path": {
      "type": "string",
      "required": true
    },
    "description": {
      "type": "string"
    },
    "created": {
      "type": "date",
      "defaultFn": "now"
    },
    "name": {
      "type": "string",
      "required": true
    },
    "extension": {
      "type": "string",
      "description": "расширение"
    },
    "mime": {
      "type": "string",
      "description": "mime type"
    },
    "type": {
      "type": "string",
      "required": true,
      "description": "image/text/audio/..."
    },
    "size": {
      "type": "number",
      "description": "in mb"
    }
  },
  "validations": [],
  "relations": {
    "material": {
      "type": "hasMany",
      "model": "Material",
      "foreignKey": "textFileId",
      "description": "материал библиотеки"
    }
  },
  "acls": [],
  "methods": {}
}
