{
  "name": "ConsultationsSection",
  "description": "Связь общих консультаций с пользователем и разделом",
  "plural": "ConsultationsSections",
  "base": "PersistedModel",
  "options": {
    "validateUpsert": true
  },
  "persistedUndefinedAsNull": true,
  "properties": {
    "id": {
      "type": "string",
      "id": true,
      "defaultFn": "guid"
    }
  },
  "validations": [],
  "relations": {
    "user": {
      "type": "belongsTo",
      "model": "user",
      "foreignKey": "userId",
      "description": "мастер/пользователь"
    },
    "materialSection": {
      "type": "belongsTo",
      "model": "MaterialSection",
      "foreignKey": "materialSectionId",
      "description": "раздел"
    },
    "consultation": {
      "type": "belongsTo",
      "model": "Consultation",
      "foreignKey": "consultationId",
      "description": "материал библиотеки"
    }
  },
  "acls": [
    {
      "accessType": "*",
      "principalType": "ROLE",
      "principalId": "$unauthenticated",
      "permission": "DENY"
    },
    {
      "accessType": "*",
      "principalType": "ROLE",
      "principalId": "admin",
      "permission": "ALLOW"
    },
    {
      "accessType": "*",
      "principalType": "ROLE",
      "principalId": "$authenticated",
      "permission": "ALLOW"
    }
  ],
  "methods": {}
}
