{
  "name": "Consultation",
  "description": "Консультация",
  "plural": "Consultations",
  "base": "PersistedModel",
  "options": {
    "validateUpsert": true
  },
  "persistedUndefinedAsNull": true,
  "properties": {
    "id": {
      "type": "string",
      "id": true,
      "defaultFn": "guid"
    },
    "created": {
      "type": "date",
      "defaultFn": "now"
    },
    "name": {
      "type": "string",
      "required": true
    },
    "shortDescription": {
      "type": "string",
      "required": true
    },
    "gender": {
      "type": "string",
      "required": true,
      "description": "для кого полезна консультация, пол",
      "default": "na"
    },
    "startAge": {
      "type": "number",
      "required": true,
      "description": "для кого полезна консультация, нижняя планка возраста",
      "default": 0
    },
    "endAge": {
      "type": "number",
      "required": true,
      "description": "для кого полезна консультация, верхняя планка возраста",
      "default": 150
    },
    "skills": {
      "type": "string",
      "required": true,
      "description": "какие реальные навыки человек получит после прохождения консультации"
    },
    "uniqueness": {
      "type": "string",
      "required": true,
      "description": "какова уникальность этой консультации"
    },
    "cost": {
      "type": "number",
      "required": true,
      "description": "стоимость",
      "default": 0
    },
    "costUnit": {
      "type": "number",
      "required": true,
      "description": "единица стоимости, в минутах"
    },
    "maxDuration": {
      "type": "number",
      "required": true,
      "description": "максимальная длительность, в минутах"
    },
    "bonus": {
      "type": "number",
      "required": false,
      "description": "бонус - очки level_points",
      "default": 0
    },
    "draft": {
      "type": "boolean",
      "required": true,
      "description": "черновик",
      "default": true
    },
    "averageRate": {
      "type": "number",
      "required": false,
      "description": "средняя оценка"
    },
    "reviewNum": {
      "type": "number",
      "required": false,
      "description": "количество отзывов",
      "default": 0
    }
  },
  "validations": [],
  "relations": {
    "master": {
      "type": "belongsTo",
      "model": "user",
      "foreignKey": "masterId"
    },
    "rubrics": {
      "type": "hasAndBelongsToMany",
      "model": "Rubric",
      "description": "рубрики"
    },
    "userConsultations": {
      "type": "hasMany",
      "model": "UserConsultation",
      "foreignKey": "consultationId",
      "description": "консультации пользователя"
    },
    "image": {
      "type": "hasOne",
      "model": "image",
      "foreignKey": "consultationId"
    },
    "tasks": {
      "type": "hasAndBelongsToMany",
      "model": "Task"
    },
    "materials": {
      "type": "hasAndBelongsToMany",
      "model": "Material"
    },
    "reviews": {
      "type": "hasMany",
      "model": "Review",
      "foreignKey": "consultationId",
      "description": "отзывы"
    }
  },
  "acls": [
    {
      "accessType": "*",
      "principalType": "ROLE",
      "principalId": "$unauthenticated",
      "permission": "DENY"
    },
    {
      "accessType": "*",
      "principalType": "ROLE",
      "principalId": "admin",
      "permission": "ALLOW"
    },
    {
      "accessType": "*",
      "principalType": "ROLE",
      "principalId": "$authenticated",
      "permission": "ALLOW"
    }
  ],
  "methods": {}
}
