{
  "name": "energyState",
  "description": "Значение энергетического баланса пользователя в определенный момент времени",
  "plural": "energyStates",
  "base": "PersistedModel",
  "options": {
    "validateUpsert": true
  },
  "persistedUndefinedAsNull": true,
  "properties": {
    "id": {
      "type": "string",
      "id": true,
      "defaultFn": "guid"
    },
    "date": {
      "type": "date",
      "required": true
    },
    "userId": {
      "type": "string",
      "required": true
    },
    "value": {
      "type": "number",
      "required": true
    },
    "gameDayDate": {
      "type": "date"
    }
  },
  "validations": [],
  "relations": {
    "user": {
      "type": "belongsTo",
      "model": "user",
      "foreignKey": "userId"
    },
    "tablet": {
      "type": "hasOne",
      "model": "tablet",
      "foreignKey": "energyStateId"
    }
  },
  "acls": [
    {
      "accessType": "*",
      "principalType": "ROLE",
      "principalId": "$unauthenticated",
      "permission": "DENY"
    },
    {
      "accessType": "*",
      "principalType": "ROLE",
      "principalId": "admin",
      "permission": "ALLOW"
    },
    {
      "accessType": "*",
      "principalType": "ROLE",
      "principalId": "$authenticated",
      "permission": "ALLOW"
    }
  ],
  "methods": {}
}
