{
  "name": "Event",
  "plural": "Events",
  "base": "PersistedModel",
  "options": {
    "validateUpsert": true
  },
  "persistedUndefinedAsNull": true,
  "properties": {
    "id": {
      "type": "string",
      "id": true,
      "defaultFn": "guid"
    },
    "date": {
      "type": "date",
      "required": true,
      "defaultFn": "now"
    },
    "name": {
      "type": "string"
    },
    "description": {
      "type": "string"
    },
    "status": {
      "type": "string",
      "description": "created/completed",
      "default": "completed"
    },
    "dateComplete": {
      "type": "date",
      "required": false
    },
    "pushDate": {
      "type": "date",
      "required": false,
      "description": "время для отправки пуш уведомления"
    },
    "created": {
      "type": "date",
      "defaultFn": "now"
    }
  },
  "validations": [],
  "relations": {
    "userTask": {
      "type": "belongsTo",
      "model": "UserTask",
      "foreignKey": "userTaskId"
    },
    "eventType": {
      "type": "belongsTo",
      "model": "EventType",
      "foreignKey": "eventTypeId"
    },
    "user": {
      "type": "belongsTo",
      "model": "user",
      "foreignKey": "userId"
    },
    "userConsultation": {
      "type": "belongsTo",
      "model": "UserConsultation",
      "foreignKey": "userConsultationId"
    },
    "master": {
      "type": "belongsTo",
      "model": "user",
      "foreignKey": "masterId"
    }
  },
  "acls": [
    {
      "accessType": "*",
      "principalType": "ROLE",
      "principalId": "$unauthenticated",
      "permission": "DENY"
    },
    {
      "accessType": "*",
      "principalType": "ROLE",
      "principalId": "admin",
      "permission": "ALLOW"
    },
    {
      "accessType": "*",
      "principalType": "ROLE",
      "principalId": "$authenticated",
      "permission": "ALLOW"
    }
  ],
  "methods": {}
}
