{
  "name": "Feedback",
  "description": "Обратная связь",
  "plural": "Feedbacks",
  "base": "PersistedModel",
  "options": {
    "validateUpsert": true
  },
  "persistedUndefinedAsNull": true,
  "properties": {
    "id": {
      "type": "string",
      "id": true,
      "defaultFn": "guid"
    },
    "date": {
      "type": "date",
      "required": true,
      "description": "Дата",
      "defaultFn": "now"
    },
    "text": {
      "type": "string",
      "required": false,
      "description": "Текст"
    },
    "type": {
      "type": "string",
      "required": false,
      "description": "app - всему приложению"
    }
  },
  "validations": [],
  "relations": {
    "audio": {
      "type": "hasOne",
      "model": "audio",
      "foreignKey": "feedbackId"
    },
    "user": {
      "type": "belongsTo",
      "model": "user",
      "foreignKey": "userId"
    },
    "userTask": {
      "type": "belongsTo",
      "model": "UserTask",
      "foreignKey": "userTaskId"
    }
  },
  "acls": [
    {
      "accessType": "*",
      "principalType": "ROLE",
      "principalId": "$unauthenticated",
      "permission": "DENY"
    },
    {
      "accessType": "*",
      "principalType": "ROLE",
      "principalId": "admin",
      "permission": "ALLOW"
    },
    {
      "accessType": "*",
      "principalType": "ROLE",
      "principalId": "$authenticated",
      "permission": "ALLOW"
    }
  ],
  "methods": {}
}
