{
  "name": "image",
  "plural": "images",
  "base": "PersistedModel",
  "options": {
    "validateUpsert": true
  },
  "persistedUndefinedAsNull": true,
  "properties": {
    "id": {
      "type": "string",
      "id": true,
      "defaultFn": "guid"
    },
    "path": {
      "type": "string",
      "required": true
    },
    "description": {
      "type": "string"
    },
    "created": {
      "type": "date",
      "defaultFn": "now"
    },
    "name": {
      "type": "string"
    }
  },
  "validations": [],
  "relations": {
    "tablet": {
      "type": "belongsTo",
      "model": "tablet",
      "foreignKey": "tabletId"
    },
    "user": {
      "type": "belongsTo",
      "model": "user",
      "foreignKey": "userId",
      "description": "1 аватарка у пользователя"
    },
    "aim": {
      "type": "belongsTo",
      "model": "Aim",
      "foreignKey": "aimId"
    },
    "joy": {
      "type": "belongsTo",
      "model": "Joy",
      "foreignKey": "joyId"
    },
    "task": {
      "type": "belongsTo",
      "model": "Task",
      "foreignKey": "taskId"
    },
    "userTask": {
      "type": "hasAndBelongsToMany",
      "model": "UserTask"
    },
    "material": {
      "type": "hasMany",
      "model": "Material",
      "foreignKey": "coverId",
      "description": "материал библиотеки"
    },
    "consultation": {
      "type": "belongsTo",
      "model": "Consultation",
      "foreignKey": "consultationId"
    },
    "video": {
      "type": "belongsTo",
      "model": "Video",
      "foreignKey": "videoId",
      "description": "превью видео"
    },
    "mentalCard": {
      "type": "belongsTo",
      "model": "MentalCard",
      "foreignKey": "mentalCardId"
    },
    "mentalCardReal": {
      "type": "belongsTo",
      "model": "MentalCard",
      "foreignKey": "mentalCardRealId"
    }
  },
  "acls": [
    {
      "accessType": "*",
      "principalType": "ROLE",
      "principalId": "$unauthenticated",
      "permission": "DENY"
    },
    {
      "accessType": "*",
      "principalType": "ROLE",
      "principalId": "admin",
      "permission": "ALLOW"
    },
    {
      "accessType": "*",
      "principalType": "ROLE",
      "principalId": "$authenticated",
      "permission": "ALLOW"
    }
  ],
  "methods": {}
}
