{
  "name": "Joy",
  "plural": "Joys",
  "base": "PersistedModel",
  "options": {
    "validateUpsert": true
  },
  "persistedUndefinedAsNull": true,
  "properties": {
    "id": {
      "type": "string",
      "id": true,
      "defaultFn": "guid"
    },
    "created": {
      "type": "date",
      "required": true,
      "description": "дата создания",
      "defaultFn": "now"
    },
    "name": {
      "type": "string"
    },
    "description": {
      "type": "string"
    },
    "level": {
      "type": "number",
      "description": "уровень радости"
    },
    "please": {
      "type": "boolean",
      "description": "статус - радует(true)/больше не радует(false)"
    }
  },
  "validations": [],
  "relations": {
    "user": {
      "type": "belongsTo",
      "model": "user",
      "foreignKey": "userId"
    },
    "image": {
      "type": "hasOne",
      "model": "image",
      "foreignKey": "joyId"
    },
    "tablets": {
      "type": "hasAndBelongsToMany",
      "model": "tablet"
    },
    "totalTablets": {
      "type": "hasAndBelongsToMany",
      "model": "TotalTablet"
    },
    "cases": {
      "type": "hasMany",
      "model": "Cases"
    }
  },
  "acls": [
    {
      "accessType": "*",
      "principalType": "ROLE",
      "principalId": "$unauthenticated",
      "permission": "DENY"
    },
    {
      "accessType": "*",
      "principalType": "ROLE",
      "principalId": "admin",
      "permission": "ALLOW"
    },
    {
      "accessType": "*",
      "principalType": "ROLE",
      "principalId": "$authenticated",
      "permission": "ALLOW"
    }
  ],
  "methods": {}
}
