{
  "name": "MasterUsers",
  "description": "Метод, который будет отображать всех игроков мастера, которые КОГДА-ЛИБО были связаны с ним, или связаны в данный момент",
  "plural": "MasterUsers",
  "base": "PersistedModel",
  "options": {
    "validateUpsert": true
  },
  "persistedUndefinedAsNull": true,
  "properties": {
    "id": {
      "type": "string",
      "id": true,
      "defaultFn": "guid"
    },
    "active": {
      "type": "boolean",
      "required": true,
      "default": true
    },
    "firstname": {
      "type": "string"
    },
    "lastname": {
      "type": "string"
    },
    "userId": {
      "type": "string",
      "required": true
    },
    "masterId": {
      "type": "string",
      "required": true
    }
  },
  "validations": [],
  "relations": {
    "master": {
      "type": "belongsTo",
      "model": "user",
      "foreignKey": "masterId"
    },
    "user": {
      "type": "belongsTo",
      "model": "user",
      "foreignKey": "userId"
    }
  },
  "acls": [
    {
      "accessType": "*",
      "principalType": "ROLE",
      "principalId": "$unauthenticated",
      "permission": "DENY"
    },
    {
      "accessType": "*",
      "principalType": "ROLE",
      "principalId": "admin",
      "permission": "ALLOW"
    },
    {
      "accessType": "*",
      "principalType": "ROLE",
      "principalId": "$authenticated",
      "permission": "DENY"
    },
    {
      "accessType": "READ",
      "principalType": "ROLE",
      "principalId": "$authenticated",
      "permission": "ALLOW"
    }
  ],
  "methods": {}
}
