{
  "name": "MaterialRecommendation",
  "plural": "MaterialRecommendations",
  "base": "PersistedModel",
  "options": {
    "validateUpsert": true
  },
  "persistedUndefinedAsNull": true,
  "properties": {
    "id": {
      "type": "string",
      "id": true,
      "defaultFn": "guid"
    },
    "materialId": {
      "type": "string",
      "required": true
    },
    "recommendationId": {
      "type": "string",
      "required": true
    }
  },
  "validations": [],
  "relations": {
    "material": {
      "type": "belongsTo",
      "model": "Material",
      "foreignKey": "materialId"
    },
    "recommendation": {
      "type": "belongsTo",
      "model": "Material",
      "foreignKey": "recommendationId"
    }
  },
  "acls": [
    {
      "accessType": "*",
      "principalType": "ROLE",
      "principalId": "$unauthenticated",
      "permission": "DENY"
    },
    {
      "accessType": "*",
      "principalType": "ROLE",
      "principalId": "admin",
      "permission": "ALLOW"
    },
    {
      "accessType": "*",
      "principalType": "ROLE",
      "principalId": "$authenticated",
      "permission": "DENY"
    },
    {
      "accessType": "READ",
      "principalType": "ROLE",
      "principalId": "$authenticated",
      "permission": "ALLOW"
    }
  ],
  "methods": {}
}
