{
  "name": "MaterialSection",
  "description": "Раздел библиотеки",
  "plural": "MaterialSections",
  "base": "PersistedModel",
  "options": {
    "validateUpsert": true
  },
  "persistedUndefinedAsNull": true,
  "properties": {
    "id": {
      "type": "string",
      "id": true,
      "defaultFn": "guid"
    },
    "name": {
      "type": "string",
      "required": true
    }
  },
  "validations": [],
  "relations": {
    "user": {
      "type": "belongsTo",
      "model": "user",
      "foreignKey": "userId"
    },
    "librarySections": {
      "type": "hasMany",
      "model": "LibrarySection",
      "foreignKey": "materialSectionId",
      "description": "разделы библиотеки с материалами"
    },
    "consultationsSections": {
      "type": "hasMany",
      "model": "ConsultationsSection",
      "foreignKey": "materialSectionId",
      "description": "связь с разделами консультаций"
    },
    "tasks": {
      "type": "hasMany",
      "model": "Task",
      "foreignKey": "materialSectionId",
      "description": "задания"
    }
  },
  "acls": [
    {
      "accessType": "*",
      "principalType": "ROLE",
      "principalId": "$unauthenticated",
      "permission": "DENY"
    },
    {
      "accessType": "*",
      "principalType": "ROLE",
      "principalId": "admin",
      "permission": "ALLOW"
    },
    {
      "accessType": "*",
      "principalType": "ROLE",
      "principalId": "$authenticated",
      "permission": "ALLOW"
    }
  ],
  "methods": {}
}
