{
  "name": "Material",
  "description": "Материал библиотеки",
  "plural": "Materials",
  "base": "PersistedModel",
  "options": {
    "validateUpsert": true
  },
  "persistedUndefinedAsNull": true,
  "properties": {
    "id": {
      "type": "string",
      "id": true,
      "defaultFn": "guid"
    },
    "created": {
      "type": "date",
      "defaultFn": "now"
    },
    "type": {
      "type": "string",
      "required": true,
      "description": "тип: audio, video, article"
    },
    "name": {
      "type": "string",
      "required": true,
      "description": "название"
    },
    "gender": {
      "type": "string",
      "required": true,
      "description": "для кого полезен материал, пол",
      "default": "na"
    },
    "startAge": {
      "type": "number",
      "required": true,
      "description": "для кого полезен материал, нижняя планка возраста",
      "default": 0
    },
    "endAge": {
      "type": "number",
      "required": true,
      "description": "для кого полезен материал, верхняя планка возраста",
      "default": 150
    },
    "shortDescription": {
      "type": "string"
    },
    "link": {
      "type": "string"
    },
    "article": {
      "type": "string",
      "description": "статья, для материала типа статья"
    },
    "draft": {
      "type": "boolean",
      "required": true,
      "description": "черновик",
      "default": true
    },
    "views": {
      "type": "number",
      "required": true,
      "description": "количество просмотров",
      "default": 0
    },
    "consultations": {
      "type": "hasAndBelongsToMany",
      "model": "Consultation"
    },
    "tasks": {
      "type": "hasAndBelongsToMany",
      "model": "Task"
    },
    "averageRate": {
      "type": "number",
      "required": false,
      "description": "средняя оценка"
    },
    "reviewNum": {
      "type": "number",
      "required": false,
      "description": "количество отзывов",
      "default": 0
    }
  },
  "validations": [],
  "relations": {
    "master": {
      "type": "belongsTo",
      "model": "user",
      "foreignKey": "masterId"
    },
    "cover": {
      "type": "belongsTo",
      "model": "image",
      "foreignKey": "coverId",
      "description": "обложка"
    },
    "audio": {
      "type": "belongsTo",
      "model": "audio",
      "foreignKey": "audioId",
      "description": "аудио"
    },
    "video": {
      "type": "belongsTo",
      "model": "Video",
      "foreignKey": "videoId",
      "description": "видео"
    },
    "textFile": {
      "type": "belongsTo",
      "model": "CommonFile",
      "foreignKey": "textFileId",
      "description": "текстовый файл"
    },
    "recommendations": {
      "type": "hasMany",
      "model": "Material",
      "foreignKey": "materialId",
      "keyThrough": "recommendationId",
      "description": "рекомендованные мактериалы",
      "through": "MaterialRecommendation"
    },
    "materials": {
      "type": "hasMany",
      "model": "Material",
      "foreignKey": "recommendationId",
      "keyThrough": "materialId",
      "description": "материалы, которым рекомендован этот материал",
      "through": "MaterialRecommendation"
    },
    "rubrics": {
      "type": "hasAndBelongsToMany",
      "model": "Rubric",
      "description": "рубрики"
    },
    "librarySections": {
      "type": "hasMany",
      "model": "LibrarySection",
      "foreignKey": "materialId",
      "description": "разделы библиотеки с материалами мастера"
    },
    "reviews": {
      "type": "hasMany",
      "model": "Review",
      "foreignKey": "materialId",
      "description": "отзывы"
    }
  },
  "acls": [
    {
      "accessType": "*",
      "principalType": "ROLE",
      "principalId": "$unauthenticated",
      "permission": "DENY"
    },
    {
      "accessType": "*",
      "principalType": "ROLE",
      "principalId": "admin",
      "permission": "ALLOW"
    },
    {
      "accessType": "*",
      "principalType": "ROLE",
      "principalId": "$authenticated",
      "permission": "ALLOW"
    }
  ],
  "methods": {}
}
