{
  "name": "MentalCardQuality",
  "plural": "MentalCardsQualities",
  "base": "PersistedModel",
  "options": {
    "validateUpsert": true
  },
  "persistedUndefinedAsNull": true,
  "properties": {
    "id": {
      "type": "string",
      "id": true,
      "defaultFn": "guid"
    },
    "qualityId": {
      "type": "string",
      "required": true,
      "default": "mentalCardId"
    },
    "mentalCardId": {
      "type": "string",
      "required": true
    },
    "hasIt": {
      "type": "boolean",
      "required": true,
      "default": false
    }
  },
  "validations": [],
  "relations": {
    "mentalCard": {
      "type": "belongsTo",
      "model": "MentalCard",
      "foreignKey": "mentalCardId"
    },
    "quality": {
      "type": "belongsTo",
      "model": "Quality",
      "foreignKey": "qualityId"
    }
  },
  "acls": [
    {
      "accessType": "*",
      "principalType": "ROLE",
      "principalId": "$unauthenticated",
      "permission": "DENY"
    },
    {
      "accessType": "*",
      "principalType": "ROLE",
      "principalId": "admin",
      "permission": "ALLOW"
    },
    {
      "accessType": "*",
      "principalType": "ROLE",
      "principalId": "$authenticated",
      "permission": "ALLOW"
    }
  ],
  "methods": {}
}
