{
  "name": "MentalCard",
  "description": "ментальная карта",
  "plural": "MentalCards",
  "base": "PersistedModel",
  "options": {
    "validateUpsert": true
  },
  "persistedUndefinedAsNull": true,
  "properties": {
    "id": {
      "type": "string",
      "id": true,
      "defaultFn": "guid"
    },
    "created": {
      "type": "date",
      "required": true,
      "defaultFn": "now"
    },
    "updated": {
      "type": "date",
      "required": true,
      "defaultFn": "now"
    },
    "userId": {
      "type": "string",
      "required": true
    },
    "completed": {
      "type": "boolean",
      "required": true,
      "default": false
    }
  },
  "validations": [],
  "relations": {
    "user": {
      "type": "belongsTo",
      "model": "user",
      "foreignKey": "userId"
    },
    "qualities": {
      "type": "hasMany",
      "model": "Quality",
      "foreignKey": "mentalCardId",
      "keyThrough": "qualityId",
      "description": "качества ментальной карты",
      "through": "MentalCardQuality"
    },
    "image": {
      "type": "hasOne",
      "model": "image",
      "foreignKey": "mentalCardId"
    },
    "realSelfImage": {
      "type": "hasOne",
      "model": "image",
      "foreignKey": "mentalCardRealId"
    },
    "qualitiesCondition": {
      "type": "hasMany",
      "model": "MentalCardQuality",
      "foreignKey": "mentalCardId",
      "description": "качества ментальной карты - с текущим состоянием"
    }
  },
  "acls": [
    {
      "accessType": "*",
      "principalType": "ROLE",
      "principalId": "$unauthenticated",
      "permission": "DENY"
    },
    {
      "accessType": "*",
      "principalType": "ROLE",
      "principalId": "admin",
      "permission": "ALLOW"
    },
    {
      "accessType": "*",
      "principalType": "ROLE",
      "principalId": "$authenticated",
      "permission": "ALLOW"
    }
  ],
  "methods": {}
}
