{
  "name": "Psychosomaticstablet",
  "description": "комментарий к психосоматике скрижали",
  "plural": "Psychosomaticstablets",
  "base": "PersistedModel",
  "options": {
    "validateUpsert": true
  },
  "persistedUndefinedAsNull": true,
  "properties": {
    "id": {
      "type": "string",
      "id": true,
      "defaultFn": "guid"
    },
    "comment": {
      "type": "string"
    }
  },
  "validations": [],
  "relations": {
    "tablet": {
      "type": "belongsTo",
      "model": "tablet",
      "foreignKey": "tabletId"
    },
    "psychosomatic": {
      "type": "belongsTo",
      "model": "Psychosomatics",
      "foreignKey": "psychosomaticsId"
    }
  },
  "acls": [
    {
      "accessType": "*",
      "principalType": "ROLE",
      "principalId": "$unauthenticated",
      "permission": "DENY"
    },
    {
      "accessType": "*",
      "principalType": "ROLE",
      "principalId": "admin",
      "permission": "ALLOW"
    },
    {
      "accessType": "*",
      "principalType": "ROLE",
      "principalId": "$authenticated",
      "permission": "ALLOW"
    }
  ],
  "methods": {}
}
