{
  "name": "Quality",
  "description": "качества пользователя для ментальной карты",
  "plural": "Qualities",
  "base": "PersistedModel",
  "options": {
    "validateUpsert": true
  },
  "persistedUndefinedAsNull": true,
  "properties": {
    "id": {
      "type": "string",
      "id": true,
      "defaultFn": "guid"
    },
    "name": {
      "type": "string",
      "required": true
    },
    "userId": {
      "type": "string",
      "required": false,
      "description": "пустой - дефолтное качество для всех пользователей"
    }
  },
  "validations": [],
  "relations": {
    "user": {
      "type": "belongsTo",
      "model": "user",
      "foreignKey": "userId"
    },
    "mentalCards": {
      "type": "hasMany",
      "model": "MentalCard",
      "foreignKey": "qualityId",
      "keyThrough": "mentalCardId",
      "description": "карточки с которыми связано качество",
      "through": "MentalCardQuality"
    }
  },
  "acls": [
    {
      "accessType": "*",
      "principalType": "ROLE",
      "principalId": "$unauthenticated",
      "permission": "DENY"
    },
    {
      "accessType": "*",
      "principalType": "ROLE",
      "principalId": "admin",
      "permission": "ALLOW"
    },
    {
      "accessType": "*",
      "principalType": "ROLE",
      "principalId": "$authenticated",
      "permission": "ALLOW"
    }
  ],
  "methods": {}
}
