{
  "name": "Review",
  "description": "отзывы (на консультацию, материал)",
  "plural": "Reviews",
  "base": "PersistedModel",
  "options": {
    "validateUpsert": true
  },
  "persistedUndefinedAsNull": true,
  "properties": {
    "id": {
      "type": "string",
      "id": true,
      "defaultFn": "guid"
    },
    "text": {
      "type": "string",
      "required": false
    },
    "value": {
      "type": "number",
      "required": true,
      "description": "оценка"
    },
    "date": {
      "type": "date",
      "defaultFn": "now"
    },
    "pros": {
      "type": "string",
      "required": false
    },
    "cons": {
      "type": "string",
      "required": false
    }
  },
  "validations": [],
  "relations": {
    "consultation": {
      "type": "belongsTo",
      "model": "Consultation",
      "foreignKey": "consultationId",
      "description": "консультация"
    },
    "material": {
      "type": "belongsTo",
      "model": "Material",
      "foreignKey": "materialId",
      "description": "консультация"
    },
    "user": {
      "type": "belongsTo",
      "model": "user",
      "foreignKey": "userId",
      "description": "создатель отзыва"
    }
  },
  "acls": [
    {
      "accessType": "*",
      "principalType": "ROLE",
      "principalId": "$unauthenticated",
      "permission": "DENY"
    },
    {
      "accessType": "*",
      "principalType": "ROLE",
      "principalId": "admin",
      "permission": "ALLOW"
    },
    {
      "accessType": "*",
      "principalType": "ROLE",
      "principalId": "$authenticated",
      "permission": "DENY"
    },
    {
      "accessType": "READ",
      "principalType": "ROLE",
      "principalId": "$authenticated",
      "permission": "ALLOW"
    }
  ],
  "methods": {}
}
