{
  "name": "Rubric",
  "description": "Рубрика (справочник)",
  "plural": "Rubrics",
  "base": "PersistedModel",
  "idInjection": true,
  "options": {
    "validateUpsert": true
  },
  "persistedUndefinedAsNull": true,
  "properties": {
    "id": {
      "type": "string",
      "id": true,
      "defaultFn": "guid"
    },
    "name": {
      "type": "string",
      "required": true
    }
  },
  "validations": [],
  "relations": {
    "tasks": {
      "type": "hasAndBelongsToMany",
      "model": "Task"
    },
    "materials": {
      "type": "hasAndBelongsToMany",
      "model": "Material",
      "description": "материалы библиотек"
    },
    "Consultations": {
      "type": "hasAndBelongsToMany",
      "model": "Consultation",
      "description": "консультации"
    }
  },
  "acls": [
    {
      "accessType": "*",
      "principalType": "ROLE",
      "principalId": "$unauthenticated",
      "permission": "DENY"
    },
    {
      "accessType": "*",
      "principalType": "ROLE",
      "principalId": "admin",
      "permission": "ALLOW"
    },
    {
      "accessType": "*",
      "principalType": "ROLE",
      "principalId": "$authenticated",
      "permission": "DENY"
    },
    {
      "accessType": "READ",
      "principalType": "ROLE",
      "principalId": "$unauthenticated",
      "permission": "ALLOW"
    },
    {
      "accessType": "READ",
      "principalType": "ROLE",
      "principalId": "$authenticated",
      "permission": "ALLOW"
    },
    {
      "accessType": "EXECUTE",
      "principalType": "ROLE",
      "principalId": "$authenticated",
      "permission": "ALLOW",
      "property": "create"
    }
  ],
  "methods": {}
}
