{
  "name": "ScheduleDay",
  "description": "Шаблон расписания мастера на день",
  "plural": "ScheduleDays",
  "base": "PersistedModel",
  "options": {
    "validateUpsert": true
  },
  "persistedUndefinedAsNull": true,
  "properties": {
    "id": {
      "type": "string",
      "id": true,
      "defaultFn": "guid"
    },
    "hours": {
      "type": [
        "object"
      ],
      "description": "[{startHour: number, startMinute: number, endHour: number, endMinute: number}]",
      "default": []
    },
    "day": {
      "type": "number",
      "required": false,
      "description": "номер дня недели/месяца"
    },
    "masterId": {
      "type": "string",
      "required": true
    }
  },
  "validations": [],
  "relations": {
    "master": {
      "type": "belongsTo",
      "model": "user",
      "foreignKey": "masterId",
      "description": "для шаблона мастера на день"
    }
  },
  "acls": [
    {
      "accessType": "*",
      "principalType": "ROLE",
      "principalId": "$unauthenticated",
      "permission": "DENY"
    },
    {
      "accessType": "*",
      "principalType": "ROLE",
      "principalId": "admin",
      "permission": "ALLOW"
    },
    {
      "accessType": "*",
      "principalType": "ROLE",
      "principalId": "$authenticated",
      "permission": "ALLOW"
    }
  ],
  "methods": {}
}
