{
  "name": "ScheduleTemplate",
  "description": "Шаблон расписания мастера на месяц/неделю",
  "plural": "ScheduleTemplates",
  "base": "PersistedModel",
  "options": {
    "validateUpsert": true
  },
  "persistedUndefinedAsNull": true,
  "properties": {
    "id": {
      "type": "string",
      "id": true,
      "defaultFn": "guid"
    },
    "days": {
      "type": {
        "1": {
          "type": {
            "1": "boolean",
            "2": "boolean",
            "3": "boolean",
            "4": "boolean",
            "5": "boolean"
          }
        },
        "2": {
          "type": {
            "1": "boolean",
            "2": "boolean",
            "3": "boolean",
            "4": "boolean",
            "5": "boolean"
          }
        },
        "3": {
          "type": {
            "1": "boolean",
            "2": "boolean",
            "3": "boolean",
            "4": "boolean",
            "5": "boolean"
          }
        },
        "4": {
          "type": {
            "1": "boolean",
            "2": "boolean",
            "3": "boolean",
            "4": "boolean",
            "5": "boolean"
          }
        },
        "5": {
          "type": {
            "1": "boolean",
            "2": "boolean",
            "3": "boolean",
            "4": "boolean",
            "5": "boolean"
          }
        },
        "6": {
          "type": {
            "1": "boolean",
            "2": "boolean",
            "3": "boolean",
            "4": "boolean",
            "5": "boolean"
          }
        },
        "7": {
          "type": {
            "1": "boolean",
            "2": "boolean",
            "3": "boolean",
            "4": "boolean",
            "5": "boolean"
          }
        }
      },
      "required": false,
      "description": "шаблоны дней недели на месяц",
      "default": {
        "1": {
          "1": false,
          "2": false,
          "3": false,
          "4": false,
          "5": false
        },
        "2": {
          "1": false,
          "2": false,
          "3": false,
          "4": false,
          "5": false
        },
        "3": {
          "1": false,
          "2": false,
          "3": false,
          "4": false,
          "5": false
        },
        "4": {
          "1": false,
          "2": false,
          "3": false,
          "4": false,
          "5": false
        },
        "5": {
          "1": false,
          "2": false,
          "3": false,
          "4": false,
          "5": false
        },
        "6": {
          "1": false,
          "2": false,
          "3": false,
          "4": false,
          "5": false
        },
        "7": {
          "1": false,
          "2": false,
          "3": false,
          "4": false,
          "5": false
        }
      }
    },
    "masterId": {
      "type": "string",
      "required": true
    }
  },
  "validations": [],
  "relations": {
    "master": {
      "type": "belongsTo",
      "model": "user",
      "foreignKey": "masterId",
      "description": "мастер"
    }
  },
  "acls": [
    {
      "accessType": "*",
      "principalType": "ROLE",
      "principalId": "$unauthenticated",
      "permission": "DENY"
    },
    {
      "accessType": "*",
      "principalType": "ROLE",
      "principalId": "admin",
      "permission": "ALLOW"
    },
    {
      "accessType": "*",
      "principalType": "ROLE",
      "principalId": "$authenticated",
      "permission": "ALLOW"
    }
  ],
  "methods": {}
}
