{
  "name": "SphereOfLife",
  "description": "сфера жизни",
  "plural": "SphereOfLife",
  "base": "PersistedModel",
  "options": {
    "validateUpsert": true
  },
  "persistedUndefinedAsNull": true,
  "properties": {
    "id": {
      "type": "string",
      "id": true,
      "defaultFn": "guid"
    },
    "name": {
      "type": "string",
      "required": true
    },
    "heroName": {
      "type": "string",
      "required": false
    },
    "sphereColor": {
      "type": "string",
      "required": false
    }
  },
  "validations": [],
  "relations": {
    "aims": {
      "type": "hasAndBelongsToMany",
      "model": "Aim"
    },
    "systemAims": {
      "type": "hasMany",
      "model": "SystemAim",
      "description": "системные цели",
      "foreignKey": "sphereOfLifeId"
    }
  },
  "acls": [
    {
      "accessType": "*",
      "principalType": "ROLE",
      "principalId": "$unauthenticated",
      "permission": "DENY"
    },
    {
      "accessType": "*",
      "principalType": "ROLE",
      "principalId": "admin",
      "permission": "ALLOW"
    },
    {
      "accessType": "*",
      "principalType": "ROLE",
      "principalId": "$authenticated",
      "permission": "DENY"
    },
    {
      "accessType": "READ",
      "principalType": "ROLE",
      "principalId": "$authenticated",
      "permission": "ALLOW"
    }
  ],
  "methods": {}
}
