{
  "name": "TabletReview",
  "plural": "TabletReviews",
  "base": "PersistedModel",
  "idInjection": true,
  "options": {
    "validateUpsert": true
  },
  "persistedUndefinedAsNull": true,
  "properties": {
    "id": {
      "type": "string",
      "id": true,
      "defaultFn": "guid"
    },
    "text": {
      "type": "string"
    },
    "created": {
      "type": "date",
      "required": true,
      "defaultFn": "now"
    }
  },
  "validations": [],
  "relations": {
    "master": {
      "type": "belongsTo",
      "model": "user",
      "foreignKey": "masterId"
    },
    "audio": {
      "type": "hasOne",
      "model": "audio",
      "foreignKey": "tabletReviewId"
    },
    "totalTablet": {
      "type": "belongsTo",
      "model": "TotalTablet",
      "foreignKey": "totalTabletId"
    }
  },
  "acls": [
    {
      "accessType": "*",
      "principalType": "ROLE",
      "principalId": "$unauthenticated",
      "permission": "DENY"
    },
    {
      "accessType": "*",
      "principalType": "ROLE",
      "principalId": "admin",
      "permission": "ALLOW"
    },
    {
      "accessType": "*",
      "principalType": "ROLE",
      "principalId": "$authenticated",
      "permission": "ALLOW"
    }
  ],
  "methods": {}
}
