{
  "name": "TabletNotification",
  "plural": "TabletNotifications",
  "base": "PersistedModel",
  "options": {
    "validateUpsert": true
  },
  "persistedUndefinedAsNull": true,
  "properties": {
    "id": {
      "type": "string",
      "id": true,
      "defaultFn": "guid"
    },
    "date": {
      "type": "date",
      "required": true
    },
    "notificate": {
      "type": "boolean",
      "required": true,
      "default": true
    }
  },
  "validations": [],
  "relations": {
    "tabletType": {
      "type": "belongsTo",
      "model": "TabletType",
      "foreignKey": "tabletTypeId"
    },
    "user": {
      "type": "belongsTo",
      "model": "user",
      "foreignKey": "userId"
    }
  },
  "acls": [
    {
      "accessType": "*",
      "principalType": "ROLE",
      "principalId": "$unauthenticated",
      "permission": "DENY"
    },
    {
      "accessType": "*",
      "principalType": "ROLE",
      "principalId": "admin",
      "permission": "ALLOW"
    },
    {
      "accessType": "*",
      "principalType": "ROLE",
      "principalId": "$authenticated",
      "permission": "ALLOW"
    },
    {
      "accessType": "*",
      "principalType": "ROLE",
      "principalId": "$authenticated",
      "permission": "DENY",
      "property": "deleteById"
    },
    {
      "accessType": "*",
      "principalType": "ROLE",
      "principalId": "$authenticated",
      "permission": "DENY",
      "property": "updateAll"
    }
  ],
  "methods": {}
}
