{
  "name": "TabletType",
  "description": "Тип скрижали",
  "plural": "TabletTypes",
  "base": "PersistedModel",
  "options": {
    "validateUpsert": true
  },
  "persistedUndefinedAsNull": true,
  "properties": {
    "id": {
      "type": "string",
      "id": true,
      "defaultFn": "guid"
    },
    "name": {
      "type": "string",
      "required": true
    }
  },
  "validations": [],
  "relations": {
    "tablets": {
      "type": "hasMany",
      "model": "tablet",
      "foreignKey": "tabletTypeId"
    },
    "tabletNotifications": {
      "type": "hasMany",
      "model": "TabletNotification",
      "foreignKey": "tabletTypeId"
    }
  },
  "acls": [
    {
      "accessType": "*",
      "principalType": "ROLE",
      "principalId": "$unauthenticated",
      "permission": "DENY"
    },
    {
      "accessType": "*",
      "principalType": "ROLE",
      "principalId": "admin",
      "permission": "ALLOW"
    },
    {
      "accessType": "*",
      "principalType": "ROLE",
      "principalId": "$authenticated",
      "permission": "DENY"
    },
    {
      "accessType": "READ",
      "principalType": "ROLE",
      "principalId": "$authenticated",
      "permission": "ALLOW"
    }
  ],
  "methods": {}
}
