{
  "name": "tablet",
  "description": "Комментарий и изображение для измерений",
  "plural": "tablets",
  "base": "PersistedModel",
  "options": {
    "validateUpsert": true
  },
  "persistedUndefinedAsNull": true,
  "properties": {
    "id": {
      "type": "string",
      "id": true,
      "defaultFn": "guid"
    },
    "date": {
      "type": "date",
      "required": true,
      "defaultFn": "now"
    },
    "gameDayDate": {
      "type": "date"
    },
    "userId": {
      "type": "string",
      "required": true
    },
    "image": {
      "type": "string"
    },
    "feelingValue": {
      "type": "string"
    },
    "energyValue": {
      "type": "number"
    },
    "stressValue": {
      "type": "number"
    },
    "level": {
      "type": "number"
    },
    "level_points": {
      "type": "number"
    },
    "reward": {
      "type": "number"
    },
    "dayIntention": {
      "type": "string",
      "description": "намерение на день"
    },
    "dayIntentionAudioPath": {
      "type": "string",
      "description": "намерение на день - путь до аудиофайла"
    },
    "morningDescription": {
      "type": "string",
      "description": "опишите ваше утро"
    },
    "morningDescriptionAudioPath": {
      "type": "string",
      "description": "опишите ваше утро - путь до аудиофайла"
    },
    "situationDescription": {
      "type": "string",
      "description": "опишите ситуацию"
    },
    "situationDescriptionAudioPath": {
      "type": "string",
      "description": "опишите ситуацию - путь до аудиофайла"
    },
    "mirrors": {
      "type": "string",
      "description": "какие зеркала я видела"
    },
    "mirrorsAudioPath": {
      "type": "string",
      "description": "какие зеркала я видела - путь до аудиофайла"
    },
    "intentionActions": {
      "type": "string",
      "description": "действия для совершения намерения"
    },
    "intentionActionsAudioPath": {
      "type": "string",
      "description": "действия для совершения намерения - путь до аудиофайла"
    },
    "shortDayDescription": {
      "type": "string",
      "description": "Краткое описание моего дня"
    },
    "shortDayDescriptionAudioPath": {
      "type": "string",
      "description": "Краткое описание моего дня - путь до аудиофайла"
    },
    "signsAndHints": {
      "type": "string",
      "description": "какие знаки и подсказки я видела"
    },
    "signsAndHintsAudioPath": {
      "type": "string",
      "description": "какие знаки и подсказки я видела - путь до аудиофайла"
    },
    "thanksFor": {
      "type": "string",
      "description": "за что я благодарю мир"
    },
    "hatesFor": {
      "type": "string",
      "description": "за что я ненавижу мир"
    },
    "thanksForAudioPath": {
      "type": "string",
      "description": "за что я благодарю мир - путь до аудиофайла"
    },
    "myTalk": {
      "type": "string"
    },
    "myResource": {
      "type": "array"
    },
    "insideKid": {
      "type": "string"
    },
    "insideParent": {
      "type": "string"
    },
    "deliberate": {
      "type": "string"
    },
    "positiveLevel": {
      "type": "string",
      "description": "увровень позитива"
    },
    "lostOrFound": {
      "type": "string",
      "description": "Приобрел/Потерял"
    },
    "checked": {
      "type": "boolean",
      "description": "проверен/не проверен",
      "default": false
    }
  },
  "validations": [],
  "relations": {
    "user": {
      "type": "belongsTo",
      "model": "user",
      "foreignKey": "userId"
    },
    "feelingStates": {
      "type": "belongsTo",
      "model": "feelingState",
      "foreignKey": "feelingStateId"
    },
    "energyStates": {
      "type": "belongsTo",
      "model": "energyState",
      "foreignKey": "energyStateId"
    },
    "stressStates": {
      "type": "belongsTo",
      "model": "StressState",
      "foreignKey": "stressStateId"
    },
    "images": {
      "type": "hasMany",
      "model": "image",
      "foreignKey": "tabletId"
    },
    "tabletType": {
      "type": "belongsTo",
      "model": "TabletType",
      "foreignKey": "tabletTypeId"
    },
    "todayResources": {
      "type": "hasAndBelongsToMany",
      "model": "TodayResource",
      "description": "мои ресурсы на сегодня"
    },
    "mySelfStates": {
      "type": "hasAndBelongsToMany",
      "model": "MySelfState",
      "description": "эгосостояния"
    },
    "myCommunications": {
      "type": "hasAndBelongsToMany",
      "model": "MyCommunication",
      "description": "Мое общение"
    },
    "myRole": {
      "type": "belongsTo",
      "model": "MyRoleTablet",
      "foreignKey": "myRoleTabletId"
    },
    "psychosomatics": {
      "type": "hasMany",
      "model": "Psychosomatics",
      "description": "психосоматика",
      "through": "Psychosomaticstablet"
    },
    "psychosomaticComments": {
      "type": "hasMany",
      "model": "Psychosomaticstablet",
      "description": "комментарии к психосоматике скрижали"
    },
    "joys": {
      "type": "hasAndBelongsToMany",
      "model": "Joy",
      "description": "радости вечерней скрижали"
    },
    "totalTablet": {
      "type": "belongsTo",
      "model": "TotalTablet",
      "foreignKey": "totalTabletId"
    }
  },
  "acls": [
    {
      "accessType": "*",
      "principalType": "ROLE",
      "principalId": "$unauthenticated",
      "permission": "DENY"
    },
    {
      "accessType": "*",
      "principalType": "ROLE",
      "principalId": "admin",
      "permission": "ALLOW"
    },
    {
      "accessType": "*",
      "principalType": "ROLE",
      "principalId": "$authenticated",
      "permission": "ALLOW"
    }
  ],
  "methods": {}
}
