{
  "name": "TaskLibrary",
  "description": "Связь задач библиотеки с пользователем и разделом",
  "plural": "TaskLibrary",
  "base": "PersistedModel",
  "options": {
    "validateUpsert": true
  },
  "persistedUndefinedAsNull": true,
  "properties": {
    "id": {
      "type": "string",
      "id": true,
      "defaultFn": "guid"
    }
  },
  "validations": [],
  "relations": {
    "user": {
      "type": "belongsTo",
      "model": "user",
      "foreignKey": "userId",
      "description": "мастер/пользователь"
    },
    "taskSection": {
      "type": "belongsTo",
      "model": "TaskSection",
      "foreignKey": "taskSectionId",
      "description": "раздел"
    },
    "task": {
      "type": "belongsTo",
      "model": "Task",
      "foreignKey": "taskId",
      "description": "задача библиотеки"
    }
  },
  "acls": [
    {
      "accessType": "*",
      "principalType": "ROLE",
      "principalId": "$unauthenticated",
      "permission": "DENY"
    },
    {
      "accessType": "*",
      "principalType": "ROLE",
      "principalId": "admin",
      "permission": "ALLOW"
    },
    {
      "accessType": "*",
      "principalType": "ROLE",
      "principalId": "$authenticated",
      "permission": "ALLOW"
    }
  ],
  "methods": {}
}
