{
  "name": "TaskSection",
  "description": "Раздел для заданий",
  "plural": "TaskSections",
  "base": "PersistedModel",
  "options": {
    "validateUpsert": true
  },
  "persistedUndefinedAsNull": true,
  "properties": {
    "id": {
      "type": "string",
      "id": true,
      "defaultFn": "guid"
    },
    "name": {
      "type": "string",
      "required": true
    }
  },
  "validations": [],
  "relations": {
    "user": {
      "type": "belongsTo",
      "model": "user",
      "foreignKey": "userId"
    },
    "tasksLibrary": {
      "type": "hasMany",
      "model": "TaskLibrary",
      "foreignKey": "taskSectionId",
      "description": "разделы библиотеки с заданиями"
    },
    "tasks": {
      "type": "hasMany",
      "model": "Task",
      "foreignKey": "taskSectionId",
      "keyThrough": "taskId",
      "description": "задачи",
      "through": "TaskLibrary"
    }
  },
  "acls": [
    {
      "accessType": "*",
      "principalType": "ROLE",
      "principalId": "$unauthenticated",
      "permission": "DENY"
    },
    {
      "accessType": "*",
      "principalType": "ROLE",
      "principalId": "admin",
      "permission": "ALLOW"
    },
    {
      "accessType": "*",
      "principalType": "ROLE",
      "principalId": "$authenticated",
      "permission": "ALLOW"
    }
  ],
  "methods": {}
}
