{
  "name": "TodayResource",
  "description": "мои ресурсы на сегодня",
  "plural": "TodayResources",
  "base": "PersistedModel",
  "options": {
    "validateUpsert": true
  },
  "persistedUndefinedAsNull": true,
  "properties": {
    "id": {
      "type": "string",
      "id": true,
      "defaultFn": "guid"
    },
    "description": {
      "type": "string",
      "required": true
    }
  },
  "validations": [],
  "relations": {
    "tablets": {
      "type": "hasAndBelongsToMany",
      "model": "tablet"
    },
    "totalTablets": {
      "type": "hasAndBelongsToMany",
      "model": "TotalTablet"
    }
  },
  "acls": [
    {
      "accessType": "*",
      "principalType": "ROLE",
      "principalId": "$unauthenticated",
      "permission": "DENY"
    },
    {
      "accessType": "*",
      "principalType": "ROLE",
      "principalId": "admin",
      "permission": "ALLOW"
    },
    {
      "accessType": "*",
      "principalType": "ROLE",
      "principalId": "$authenticated",
      "permission": "ALLOW"
    }
  ],
  "methods": {}
}
