{
  "name": "TotalTablet",
  "description": "Скрижаль всего дня",
  "plural": "TotalTablets",
  "base": "PersistedModel",
  "options": {
    "validateUpsert": true
  },
  "persistedUndefinedAsNull": true,
  "properties": {
    "id": {
      "type": "string",
      "id": true,
      "defaultFn": "guid"
    },
    "created": {
      "type": "date",
      "defaultFn": "now"
    },
    "points": {
      "type": "number",
      "description": "баллы за день",
      "default": 0
    },
    "taskCount": {
      "type": "number",
      "description": "сколько заданий сделано за день",
      "default": 0
    },
    "eventCount": {
      "type": "number",
      "description": "сколько событий",
      "default": 0
    },
    "markCount": {
      "type": "number",
      "description": "сколько замеров сделано (подсчитать кол-во tablet)",
      "default": 0
    },
    "myTalkTotal": {
      "type": "array",
      "description": "все myTalk из объединяемых tablet в массив по времени создания",
      "default": []
    },
    "mySelfStates": {
      "type": "object",
      "description": "{'Внутренний родитель': { 'Заботливый': 75, 'Критик': 25 }, 'Осознанный': { 'Я здесь': 75, 'Невнимательный': 25 }}"
    },
    "dayIntention": {
      "type": "string",
      "description": "намерение на день String - берется из утренней скрижали"
    },
    "dayIntentionAction": {
      "type": "string",
      "description": "Что я сделал для совершения намерения String - брать из вечерней скрижали dayIntention"
    },
    "shortDescription": {
      "type": "array",
      "description": "Краткое описание моего дня: содержит в себе: 1 описание утра с утренней tablet 2 с вечерней взять описание дня"
    },
    "mirrors": {
      "type": "array",
      "description": "Какие зеркала я видел - массив String - взять все с дневной tablet, и взять все с вечерней tablet"
    },
    "signsAndHints": {
      "type": "string",
      "description": "какие знаки и подсказки я увидела - String - взять с вечерней tablet"
    },
    "thanksFor": {
      "type": "string",
      "description": "за что я благодарю мир - String - взять с вечерней tablet"
    },
    "myResource": {
      "type": "array",
      "description": "мой ресурс - массив строк - взять все указанные 'мои ресурсы' с вечерней скрижали"
    },
    "psychosomatics": {
      "type": "array",
      "description": "психосоматика"
    },
    "level": {
      "type": "number",
      "description": "с самой последней по времени скрижали, которая в сборную попадает"
    },
    "checked": {
      "type": "boolean",
      "required": true,
      "description": "Проверено/не проверено",
      "default": false
    },
    "level_points": {
      "type": "number",
      "description": "с самой последней по времени скрижали, которая в сборную попадает"
    },
    "gameDayDate": {
      "type": "date"
    },
    "start": {
      "type": "date"
    },
    "end": {
      "type": "date"
    }
  },
  "validations": [],
  "relations": {
    "image": {
      "type": "belongsTo",
      "model": "image",
      "foreignKey": "imageId"
    },
    "psychosomatics": {
      "type": "hasAndBelongsToMany",
      "model": "Psychosomatics",
      "description": "психосоматика"
    },
    "user": {
      "type": "belongsTo",
      "model": "user",
      "foreignKey": "userId"
    },
    "todayResources": {
      "type": "hasAndBelongsToMany",
      "model": "TodayResource",
      "description": "мои ресурсы на сегодня"
    },
    "communicationPercent": {
      "type": "hasMany",
      "model": "TotalTabletCommunications",
      "foreignKey": "totalTabletId"
    },
    "rolesPercent": {
      "type": "hasMany",
      "model": "TotalTabletRole",
      "foreignKey": "totalTabletId"
    },
    "tabletReview": {
      "type": "hasOne",
      "model": "TabletReview",
      "foreignKey": "totalTabletId"
    },
    "joys": {
      "type": "hasAndBelongsToMany",
      "model": "Joy",
      "description": "радости с вечерней скрижали"
    },
    "tablets": {
      "type": "hasMany",
      "model": "tablet",
      "foreignKey": "totalTabletId"
    }
  },
  "acls": [
    {
      "accessType": "*",
      "principalType": "ROLE",
      "principalId": "$unauthenticated",
      "permission": "DENY"
    },
    {
      "accessType": "*",
      "principalType": "ROLE",
      "principalId": "admin",
      "permission": "ALLOW"
    },
    {
      "accessType": "*",
      "principalType": "ROLE",
      "principalId": "$authenticated",
      "permission": "ALLOW"
    },
    {
      "accessType": "WRITE",
      "principalType": "ROLE",
      "principalId": "$authenticated",
      "permission": "DENY"
    },
    {
      "accessType": "WRITE",
      "principalType": "ROLE",
      "principalId": "$authenticated",
      "permission": "ALLOW",
      "property": "upsertWithWhere"
    },
    {
      "accessType": "READ",
      "principalType": "ROLE",
      "principalId": "$authenticated",
      "permission": "DENY",
      "property": "create"
    }
  ],
  "methods": {}
}
