{
  "name": "TotalTabletCommunications",
  "plural": "TotalTabletCommunications",
  "base": "PersistedModel",
  "idInjection": true,
  "options": {
    "validateUpsert": true
  },
  "persistedUndefinedAsNull": true,
  "properties": {
    "id": {
      "type": "string",
      "id": true,
      "defaultFn": "guid"
    },
    "percent": {
      "type": "number",
      "required": true,
      "default": 0
    }
  },
  "validations": [],
  "relations": {
    "totalTablet": {
      "type": "belongsTo",
      "model": "TotalTablet",
      "foreignKey": "totalTabletId"
    },
    "myCommunication": {
      "type": "belongsTo",
      "model": "MyCommunication",
      "foreignKey": "myCommunicationId"
    }
  },
  "acls": [
    {
      "accessType": "*",
      "principalType": "ROLE",
      "principalId": "$unauthenticated",
      "permission": "DENY"
    },
    {
      "accessType": "*",
      "principalType": "ROLE",
      "principalId": "admin",
      "permission": "ALLOW"
    },
    {
      "accessType": "*",
      "principalType": "ROLE",
      "principalId": "$authenticated",
      "permission": "ALLOW"
    },
    {
      "accessType": "WRITE",
      "principalType": "ROLE",
      "principalId": "$authenticated",
      "permission": "DENY"
    },
    {
      "accessType": "READ",
      "principalType": "ROLE",
      "principalId": "$authenticated",
      "permission": "DENY",
      "property": "create"
    }
  ],
  "methods": {}
}
