{
  "name": "TotalTabletRole",
  "description": "процент роли для скрижали дня",
  "plural": "TotalTabletRoles",
  "base": "PersistedModel",
  "options": {
    "validateUpsert": true
  },
  "properties": {
    "id": {
      "type": "string",
      "id": true,
      "defaultFn": "guid"
    },
    "percent": {
      "type": "number",
      "required": true,
      "default": 0
    }
  },
  "validations": [],
  "relations": {
    "totalTablet": {
      "type": "belongsTo",
      "model": "TotalTablet",
      "foreignKey": "totalTabletId"
    },
    "myRoleTablet": {
      "type": "belongsTo",
      "model": "MyRoleTablet",
      "foreignKey": "myRoleTabletId"
    }
  },
  "acls": [
    {
      "accessType": "*",
      "principalType": "ROLE",
      "principalId": "$unauthenticated",
      "permission": "DENY"
    },
    {
      "accessType": "*",
      "principalType": "ROLE",
      "principalId": "admin",
      "permission": "ALLOW"
    },
    {
      "accessType": "*",
      "principalType": "ROLE",
      "principalId": "$authenticated",
      "permission": "DENY"
    },
    {
      "accessType": "READ",
      "principalType": "ROLE",
      "principalId": "$authenticated",
      "permission": "ALLOW"
    }
  ],
  "methods": {}
}
