{
  "name": "Transaction",
  "description": "транзакции",
  "plural": "Transactions",
  "base": "PersistedModel",
  "options": {
    "validateUpsert": true
  },
  "persistedUndefinedAsNull": true,
  "properties": {
    "id": {
      "type": "string",
      "id": true,
      "defaultFn": "guid"
    },
    "sum": {
      "type": "number",
      "required": true
    },
    "type": {
      "type": "string",
      "required": true,
      "description": "пополнение(реальными деньгами - replenishment)/списание(у игрока - withdrawal)/зачисление (мастеру - adding)/возврат средств (refund)"
    },
    "date": {
      "type": "date",
      "required": true,
      "defaultFn": "now"
    }
  },
  "validations": [],
  "relations": {
    "wallet": {
      "type": "belongsTo",
      "model": "Wallet",
      "foreignKey": "walletId"
    },
    "userConsultation": {
      "type": "belongsTo",
      "model": "UserConsultation",
      "foreignKey": "userConsultationId"
    }
  },
  "acls": [
    {
      "accessType": "*",
      "principalType": "ROLE",
      "principalId": "$unauthenticated",
      "permission": "DENY"
    },
    {
      "accessType": "*",
      "principalType": "ROLE",
      "principalId": "admin",
      "permission": "ALLOW"
    },
    {
      "accessType": "*",
      "principalType": "ROLE",
      "principalId": "$authenticated",
      "permission": "DENY"
    },
    {
      "accessType": "READ",
      "principalType": "ROLE",
      "principalId": "$authenticated",
      "permission": "ALLOW"
    }
  ],
  "methods": {}
}
