{
  "name": "UserTask",
  "description": "Задание для конкретного пользователя",
  "plural": "UserTasks",
  "base": "PersistedModel",
  "options": {
    "validateUpsert": true
  },
  "persistedUndefinedAsNull": true,
  "properties": {
    "id": {
      "type": "string",
      "id": true,
      "defaultFn": "guid"
    },
    "startDate": {
      "type": "date"
    },
    "endDate": {
      "type": "date"
    },
    "status": {
      "type": "string",
      "required": true,
      "description": "created/../completed",
      "default": "created"
    },
    "userId": {
      "type": "string",
      "required": true
    },
    "taskId": {
      "type": "string",
      "required": true
    },
    "created": {
      "type": "date",
      "defaultFn": "now"
    }
  },
  "validations": [],
  "relations": {
    "feedbacks": {
      "type": "hasMany",
      "model": "Feedback",
      "foreignKey": "userTaskId"
    },
    "user": {
      "type": "belongsTo",
      "model": "user",
      "foreignKey": "userId"
    },
    "task": {
      "type": "belongsTo",
      "model": "Task",
      "foreignKey": "taskId"
    },
    "events": {
      "type": "hasMany",
      "model": "Event",
      "foreignKey": "userTaskId"
    },
    "images": {
      "type": "hasAndBelongsToMany",
      "model": "image"
    },
    "videos": {
      "type": "hasMany",
      "model": "Video",
      "foreignKey": "userTaskId"
    },
    "audio": {
      "type": "hasMany",
      "model": "audio",
      "foreignKey": "userTaskId"
    },
    "userTaskReview": {
      "type": "hasMany",
      "model": "UserTaskReview",
      "foreignKey": "userTaskId"
    },
    "userConsultation": {
      "type": "belongsTo",
      "model": "UserConsultation",
      "foreignKey": "userConsultationId",
      "description": "если задача назначена на пользователя при создании user consultation"
    }
  },
  "acls": [
    {
      "accessType": "*",
      "principalType": "ROLE",
      "principalId": "$unauthenticated",
      "permission": "DENY"
    },
    {
      "accessType": "*",
      "principalType": "ROLE",
      "principalId": "admin",
      "permission": "ALLOW"
    },
    {
      "accessType": "*",
      "principalType": "ROLE",
      "principalId": "$authenticated",
      "permission": "ALLOW"
    }
  ],
  "methods": {}
}
