{
  "name": "user",
  "plural": "users",
  "base": "User",
  "options": {
    "validateUpsert": true
  },
  "persistedUndefinedAsNull": true,
  "hidden": [
    "sbPass",
    "activation_code"
  ],
  "properties": {
    "id": {
      "type": "string",
      "id": true,
      "defaultFn": "guid"
    },
    "firstname": {
      "type": "string",
      "required": true,
      "default": " "
    },
    "lastname": {
      "type": "string",
      "required": false
    },
    "birthdate": {
      "type": "date"
    },
    "sex": {
      "type": "string"
    },
    "email": {
      "type": "string",
      "required": false
    },
    "phone": {
      "type": "string",
      "required": true
    },
    "activation": {
      "type": "boolean",
      "required": false
    },
    "activation_code": {
      "type": "string",
      "required": false
    },
    "activation_phone": {
      "type": "boolean",
      "required": true,
      "description": "активация по телефону",
      "default": false
    },
    "activation_time": {
      "type": "date",
      "required": false,
      "description": "активация по телефону - срок 5 мин"
    },
    "pushID": {
      "type": "string"
    },
    "level": {
      "type": "number",
      "default": 1
    },
    "level_points": {
      "type": "number",
      "default": 0
    },
    "city": {
      "type": "string"
    },
    "country": {
      "type": "string"
    },
    "morningTablet": {
      "type": "date"
    },
    "eveningTablet": {
      "type": "date"
    },
    "fireBaseId": {
      "type": "string"
    },
    "isMaster": {
      "type": "boolean",
      "default": false
    },
    "isMasterKeeper": {
      "type": "boolean",
      "description": "роль",
      "default": false
    },
    "pushId": {
      "type": "string"
    },
    "firebaseUserId": {
      "type": "string"
    },
    "daysBeforeBookingConsultation": {
      "type": "number",
      "description": "За сколько дней до консультации можно записаться"
    },
    "created": {
      "type": "date",
      "defaultFn": "now"
    },
    "supabaseId": {
      "type": "string"
    },
    "sbPass": {
      "type": "string"
    }
  },
  "validations": [],
  "relations": {
    "feelingStates": {
      "type": "hasMany",
      "model": "feelingState",
      "foreignKey": "userId"
    },
    "energyStates": {
      "type": "hasMany",
      "model": "energyState",
      "foreignKey": "userId"
    },
    "stressStates": {
      "type": "hasMany",
      "model": "StressState",
      "foreignKey": "userId"
    },
    "tablet": {
      "type": "hasMany",
      "model": "tablet",
      "foreignKey": "userId"
    },
    "image": {
      "type": "hasOne",
      "model": "image",
      "foreignKey": "userId",
      "description": "1 аватарка у пользователя"
    },
    "feedbacks": {
      "type": "hasMany",
      "model": "Feedback",
      "foreignKey": "userId"
    },
    "tasks": {
      "type": "hasMany",
      "model": "Task",
      "foreignKey": "userId",
      "through": "UserTask"
    },
    "cases": {
      "type": "hasMany",
      "model": "Case",
      "foreignKey": "userId"
    },
    "userTasks": {
      "type": "hasMany",
      "model": "UserTask",
      "foreignKey": "userId"
    },
    "aims": {
      "type": "hasMany",
      "model": "Aim",
      "foreignKey": "userId"
    },
    "joys": {
      "type": "hasMany",
      "model": "Joy",
      "foreignKey": "userId"
    },
    "tabletNotifications": {
      "type": "hasMany",
      "model": "TabletNotification",
      "foreignKey": "userId"
    },
    "totalTablets": {
      "type": "hasMany",
      "model": "TotalTablet",
      "foreignKey": "userId"
    },
    "roles": {
      "type": "hasMany",
      "model": "Role",
      "foreignKey": "principalId",
      "through": "RoleMapping"
    },
    "masterTasks": {
      "type": "hasMany",
      "model": "Task",
      "foreignKey": "masterId",
      "description": "задачи, созданные мастером"
    },
    "tabletReviews": {
      "type": "hasMany",
      "model": "TabletReview",
      "foreignKey": "masterId"
    },
    "users": {
      "type": "hasMany",
      "model": "user",
      "foreignKey": "masterId",
      "description": "пользователи мастера",
      "through": "UserMaster"
    },
    "masters": {
      "type": "hasMany",
      "model": "user",
      "foreignKey": "userId",
      "description": "мастера пользователя",
      "through": "UserMaster"
    },
    "librarySections": {
      "type": "hasMany",
      "model": "LibrarySection",
      "foreignKey": "userId",
      "description": "разделы библиотеки с материалами мастера"
    },
    "library": {
      "type": "hasMany",
      "model": "Material",
      "foreignKey": "masterId",
      "description": "библиотека мастера"
    },
    "materialSections": {
      "type": "hasMany",
      "model": "MaterialSection",
      "foreignKey": "userId",
      "description": "разделы бибилиотеки"
    },
    "consultationsSections": {
      "type": "hasMany",
      "model": "СonsultationsSection",
      "foreignKey": "userId",
      "description": "разделы с консультациями"
    },
    "consultations": {
      "type": "hasMany",
      "model": "Consultation",
      "foreignKey": "masterId",
      "description": "консультации мастера"
    },
    "userConsultations": {
      "type": "hasMany",
      "model": "UserConsultation",
      "foreignKey": "userId",
      "description": "консультации пользователя"
    },
    "userTaskReviews": {
      "type": "hasMany",
      "model": "UserTaskReview",
      "foreignKey": "masterId"
    },
    "connectedUsers": {
      "type": "hasMany",
      "model": "MasterUsers",
      "foreignKey": "masterId",
      "description": "связанные пользователи мастера"
    },
    "connectedMasters": {
      "type": "hasMany",
      "model": "MasterUsers",
      "foreignKey": "userId",
      "description": "связанные мастера пользователя"
    },
    "workSlots": {
      "type": "hasMany",
      "model": "WorkSlot",
      "foreignKey": "masterId",
      "description": "временные слоты мастера"
    },
    "scheduleDay": {
      "type": "hasOne",
      "model": "ScheduleDay",
      "foreignKey": "masterId",
      "description": "шаблон типового дня"
    },
    "scheduleTemplate": {
      "type": "hasOne",
      "model": "ScheduleTemplate",
      "foreignKey": "masterId",
      "description": "шаблон типового месяца/недели"
    },
    "wallet": {
      "type": "hasOne",
      "model": "Wallet",
      "foreignKey": "userId"
    },
    "reviews": {
      "type": "hasMany",
      "model": "Review",
      "foreignKey": "userId",
      "description": "отзывы на материалы и консультации"
    },
    "mentalCards": {
      "type": "hasMany",
      "model": "MentalCard",
      "foreignKey": "userId",
      "description": "ментальные карты пользователя"
    },
    "qualities": {
      "type": "hasMany",
      "model": "Quality",
      "foreignKey": "userId",
      "description": "качества пользователя в ментальной карте"
    },
    "events": {
      "type": "hasMany",
      "model": "Event",
      "foreignKey": "userId",
      "description": "события пользователя"
    },
    "eventsForMaster": {
      "type": "hasMany",
      "model": "Event",
      "foreignKey": "masterId",
      "description": "события мастера"
    },
    "taskSections": {
      "type": "hasMany",
      "model": "TaskSection",
      "foreignKey": "userId",
      "description": "раздел"
    },
    "tasksLibrary": {
      "type": "hasMany",
      "model": "TaskLibrary",
      "foreignKey": "userId",
      "description": "разделы библиотеки с заданиями мастера"
    },
    "paidAccount": {
      "type": "hasOne",
      "model": "PaidAccount",
      "foreignKey": "userId"
    },
    "water": {
      "type": "hasMany",
      "model": "Water",
      "foreignKey": "userId"
    },
    "strategyType": {
      "type": "belongsTo",
      "model": "StrategyType",
      "foreignKey": "strategyTypeId",
      "description": "Тип стратегии"
    }
  },
  "acls": [
    {
      "accessType": "*",
      "principalType": "ROLE",
      "principalId": "$unauthenticated",
      "permission": "DENY"
    },
    {
      "accessType": "EXECUTE",
      "principalType": "ROLE",
      "principalId": "$unauthenticated",
      "permission": "ALLOW",
      "property": "login"
    },
    {
      "accessType": "*",
      "principalType": "ROLE",
      "principalId": "admin",
      "permission": "ALLOW"
    },
    {
      "accessType": "*",
      "principalType": "ROLE",
      "principalId": "$authenticated",
      "permission": "ALLOW"
    },
    {
      "accessType": "WRITE",
      "principalType": "ROLE",
      "principalId": "$unauthenticated",
      "permission": "ALLOW",
      "property": "create"
    },
    {
      "accessType": "EXECUTE",
      "principalType": "ROLE",
      "principalId": "$unauthenticated",
      "permission": "ALLOW",
      "property": "loginPhone"
    },
    {
      "accessType": "READ",
      "principalType": "ROLE",
      "principalId": "$unauthenticated",
      "permission": "ALLOW",
      "property": "findOne"
    },
    {
      "accessType": "READ",
      "principalType": "ROLE",
      "principalId": "$unauthenticated",
      "permission": "DENY",
      "property": "find"
    },
    {
      "accessType": "READ",
      "principalType": "ROLE",
      "principalId": "$authenticated",
      "permission": "DENY",
      "property": "find"
    },
    {
      "accessType": "EXECUTE",
      "principalType": "ROLE",
      "principalId": "$everyone",
      "permission": "DENY",
      "property": "deleteAll"
    },
    {
      "accessType": "EXECUTE",
      "principalType": "ROLE",
      "principalId": "$everyone",
      "permission": "DENY",
      "property": "deleteById"
    },
    {
      "accessType": "EXECUTE",
      "principalType": "ROLE",
      "principalId": "$unauthenticated",
      "permission": "ALLOW",
      "property": "checkPhone"
    },
    {
      "accessType": "EXECUTE",
      "principalType": "ROLE",
      "principalId": "$unauthenticated",
      "permission": "ALLOW",
      "property": "setNewPassword"
    },
    {
      "accessType": "EXECUTE",
      "principalType": "ROLE",
      "principalId": "$unauthenticated",
      "permission": "ALLOW",
      "property": "loginFacebook"
    },
    {
      "accessType": "*",
      "principalType": "ROLE",
      "principalId": "$authenticated",
      "permission": "DENY",
      "property": "sendPushAll"
    },
    {
      "accessType": "*",
      "principalType": "ROLE",
      "principalId": "superadmin",
      "permission": "ALLOW",
      "property": "sendPushAll"
    },
    {
      "accessType": "*",
      "principalType": "ROLE",
      "principalId": "$authenticated",
      "permission": "ALLOW",
      "property": "addLevelPoints"
    },
    {
      "accessType": "*",
      "principalType": "ROLE",
      "principalId": "$authenticated",
      "permission": "ALLOW",
      "property": "getMasterStats"
    },
    {
      "accessType": "*",
      "principalType": "ROLE",
      "principalId": "$authenticated",
      "permission": "ALLOW",
      "property": "getUserStats"
    },
    {
      "accessType": "*",
      "principalType": "ROLE",
      "principalId": "$authenticated",
      "permission": "ALLOW",
      "property": "getUserOfMasterStats"
    },
    {
      "accessType": "*",
      "principalType": "ROLE",
      "principalId": "$authenticated",
      "permission": "ALLOW",
      "property": "requestMasterKeeper"
    },
    {
      "accessType": "*",
      "principalType": "ROLE",
      "principalId": "$authenticated",
      "permission": "ALLOW",
      "property": "getSB"
    },
    {
      "accessType": "EXECUTE",
      "principalType": "ROLE",
      "principalId": "$unauthenticated",
      "permission": "ALLOW",
      "property": "checkExistence"
    },
    {
      "accessType": "EXECUTE",
      "principalType": "ROLE",
      "principalId": "$unauthenticated",
      "permission": "ALLOW",
      "property": "checkNewPhone"
    },
    {
      "accessType": "EXECUTE",
      "principalType": "ROLE",
      "principalId": "$unauthenticated",
      "permission": "ALLOW",
      "property": "checkActivationCode"
    },
    {
      "accessType": "EXECUTE",
      "principalType": "ROLE",
      "principalId": "$unauthenticated",
      "permission": "DENY",
      "property": "editMyInfo"
    },
    {
      "accessType": "EXECUTE",
      "principalType": "ROLE",
      "principalId": "$authenticated",
      "permission": "ALLOW",
      "property": "editMyInfo"
    }
  ],
  "methods": {}
}
