{
  "name": "UserConsultation",
  "description": "Консультация для конкретного пользователя",
  "plural": "UserConsultations",
  "base": "PersistedModel",
  "options": {
    "validateUpsert": true
  },
  "persistedUndefinedAsNull": true,
  "mixins": {
    "Metadata": true
  },
  "properties": {
    "id": {
      "type": "string",
      "id": true,
      "defaultFn": "guid"
    },
    "status": {
      "type": "string",
      "required": true,
      "description": "Создана (created), начата (started), завершена (completed), отменена (cancelled)",
      "default": "created"
    },
    "startDate": {
      "type": "date"
    },
    "endDate": {
      "type": "date"
    },
    "cancellationReason": {
      "type": "string",
      "required": false,
      "description": "причина отмены консультации"
    }
  },
  "validations": [],
  "relations": {
    "user": {
      "type": "belongsTo",
      "model": "user",
      "foreignKey": "userId"
    },
    "consultation": {
      "type": "belongsTo",
      "model": "Consultation",
      "foreignKey": "consultationId"
    },
    "events": {
      "type": "hasMany",
      "model": "Event",
      "foreignKey": "userConsultationId"
    },
    "workSlots": {
      "type": "hasMany",
      "model": "WorkSlot",
      "foreignKey": "userConsultationId",
      "description": "время, на которое назначена консультация"
    },
    "userTasks": {
      "type": "hasMany",
      "model": "UserTask",
      "foreignKey": "userConsultationId",
      "description": "задачи, которые назначаются на пользователя при создании user consultation"
    },
    "transactions": {
      "type": "hasMany",
      "model": "Transaction",
      "foreignKey": "userConsultationId",
      "description": "транзакции"
    }
  },
  "acls": [
    {
      "accessType": "*",
      "principalType": "ROLE",
      "principalId": "$unauthenticated",
      "permission": "DENY"
    },
    {
      "accessType": "*",
      "principalType": "ROLE",
      "principalId": "admin",
      "permission": "ALLOW"
    },
    {
      "accessType": "*",
      "principalType": "ROLE",
      "principalId": "$authenticated",
      "permission": "ALLOW"
    },
    {
      "accessType": "*",
      "principalType": "ROLE",
      "principalId": "$authenticated",
      "permission": "ALLOW"
    },
    {
      "accessType": "*",
      "principalType": "ROLE",
      "principalId": "$unauthenticated",
      "permission": "ALLOW",
      "property": "agoraCB"
    },
    {
      "accessType": "*",
      "principalType": "ROLE",
      "principalId": "$authenticated",
      "permission": "ALLOW",
      "property": "agoraCB"
    }
  ],
  "methods": {}
}
