{
  "name": "Video",
  "plural": "Videos",
  "base": "PersistedModel",
  "options": {
    "validateUpsert": true
  },
  "persistedUndefinedAsNull": true,
  "properties": {
    "id": {
      "type": "string",
      "id": true,
      "defaultFn": "guid"
    },
    "name": {
      "type": "string",
      "required": true
    },
    "path": {
      "type": "string",
      "required": true
    },
    "description": {
      "type": "string"
    },
    "duration": {
      "type": "number",
      "description": "продолжительность, секунд"
    },
    "created": {
      "type": "date",
      "required": true,
      "defaultFn": "now"
    },
    "extension": {
      "type": "string",
      "description": "расширение"
    },
    "size": {
      "type": "number",
      "description": "in mb"
    }
  },
  "validations": [],
  "relations": {
    "material": {
      "type": "hasMany",
      "model": "Material",
      "foreignKey": "videoId",
      "description": "материал библиотеки"
    },
    "thumbnail": {
      "type": "hasOne",
      "model": "image",
      "foreignKey": "videoId",
      "description": "превью"
    },
    "userTask": {
      "type": "belongsTo",
      "model": "UserTask",
      "foreignKey": "userTaskId"
    }
  },
  "acls": [
    {
      "accessType": "*",
      "principalType": "ROLE",
      "principalId": "$unauthenticated",
      "permission": "DENY"
    },
    {
      "accessType": "*",
      "principalType": "ROLE",
      "principalId": "admin",
      "permission": "ALLOW"
    },
    {
      "accessType": "*",
      "principalType": "ROLE",
      "principalId": "$authenticated",
      "permission": "ALLOW"
    }
  ],
  "methods": {}
}
