{
  "name": "WorkSlot",
  "description": "Временные слоты расписания",
  "plural": "WorkSlots",
  "base": "PersistedModel",
  "options": {
    "validateUpsert": true
  },
  "persistedUndefinedAsNull": true,
  "properties": {
    "id": {
      "type": "string",
      "id": true,
      "defaultFn": "guid"
    },
    "year": {
      "type": "number",
      "required": true
    },
    "month": {
      "type": "number",
      "required": true
    },
    "day": {
      "type": "number",
      "required": true
    },
    "startHour": {
      "type": "number",
      "required": true
    },
    "endHour": {
      "type": "number",
      "required": true
    },
    "startMinute": {
      "type": "number",
      "required": true
    },
    "endMinute": {
      "type": "number",
      "required": true
    },
    "startDate": {
      "type": "date",
      "required": true,
      "description": "дата по серверу"
    },
    "endDate": {
      "type": "date",
      "required": true,
      "description": "дата по серверу"
    }
  },
  "validations": [],
  "relations": {
    "master": {
      "type": "belongsTo",
      "model": "user",
      "foreignKey": "masterId",
      "description": "мастер"
    },
    "userConsultation": {
      "type": "belongsTo",
      "model": "UserConsultation",
      "foreignKey": "userConsultationId",
      "description": "консультация"
    }
  },
  "acls": [
    {
      "accessType": "*",
      "principalType": "ROLE",
      "principalId": "$unauthenticated",
      "permission": "DENY"
    },
    {
      "accessType": "*",
      "principalType": "ROLE",
      "principalId": "admin",
      "permission": "ALLOW"
    },
    {
      "accessType": "*",
      "principalType": "ROLE",
      "principalId": "$authenticated",
      "permission": "ALLOW"
    }
  ],
  "methods": {}
}
